{
  "project_info": {
    "project_number": "983352251791",
    "project_id": "fluttertest-d2adc",
    "storage_bucket": "fluttertest-d2adc.appspot.com"
  },
  "client": [
    {
      "client_info": {
        "mobilesdk_app_id": "1:983352251791:android:0b9cb509d9b272b65b67fa",
        "android_client_info": {
          "package_name": "com.example.income"
        }
      },
      "oauth_client": [
        {
          "client_id": "983352251791-vcmjc5hukl496hh4vtn7ativovfuovvb.apps.googleusercontent.com",
          "client_type": 3
        }
      ],
      "api_key": [
        {
          "current_key": "AIzaSyDpJhPwJhKeSpzHUfN4pgzLcV49tfOBRE4"
        }
      ],
      "services": {
        "appinvite_service": {
          "other_platform_oauth_client": [
            {
              "client_id": "983352251791-vcmjc5hukl496hh4vtn7ativovfuovvb.apps.googleusercontent.com",
              "client_type": 3
            },
            {
              "client_id": "983352251791-c4rdht4un8l794ql5f5ttua0qbjqmuku.apps.googleusercontent.com",
              "client_type": 2,
              "ios_info": {
                "bundle_id": "com.example.income"
              }
            }
          ]
        }
      }
    }
  ],
  "configuration_version": "1"
}